follower,following
heatherrobinson,suzannenavarro
wcosta,emeyer
bellpeter,paulbaldwin
allison45,paulbaldwin
emeyer,jennifercooper
hacosta,jennifercooper
wcosta,bellpeter
suzannenavarro,krogers
bellpeter,allison45
wcosta,krogers
wcosta,heatherrobinson
bellpeter,krogers
suzannenavarro,hacosta
allison45,krogers
wcosta,hacosta
jennifercooper,suzannenavarro
krogers,hacosta
heatherrobinson,jennifercooper
emeyer,paulbaldwin
hacosta,paulbaldwin
bellpeter,hacosta
paulbaldwin,krogers
allison45,hacosta
bellpeter,suzannenavarro
emeyer,allison45
paulbaldwin,hacosta
emeyer,krogers
bellpeter,wcosta
hacosta,heatherrobinson
emeyer,heatherrobinson
emeyer,hacosta
heatherrobinson,allison45
wcosta,jennifercooper
krogers,jennifercooper
hacosta,suzannenavarro
emeyer,suzannenavarro
heatherrobinson,krogers
jennifercooper,paulbaldwin
jennifercooper,allison45
krogers,paulbaldwin
